kind,path,bytes,sha256
page,tmp/pdfs/o002-final-current/page-001.png,25794,48801535974093cbe2591af6d43b351bfd37addc2e8a04556ca920434c4ebe73
page,tmp/pdfs/o002-final-current/page-002.png,133052,bd574577a00184cf8ea7005b7241c20f02b07fd50faf3cd916ad97a31267bda2
page,tmp/pdfs/o002-final-current/page-003.png,159245,788cd34944981c4b9b5301b319440c5e6478cf700dae43b841ae0b498259d832
page,tmp/pdfs/o002-final-current/page-004.png,170796,74d692d0277d8e24a343689addd06373f7ff61466bad3e13ff9bcb3a67b3c262
page,tmp/pdfs/o002-final-current/page-005.png,179757,49a9d51227483ae5ea68960cda9a1ada6fa38407584c81c8770b768eb409fe42
page,tmp/pdfs/o002-final-current/page-006.png,163809,49f8f9cdbce356ad0e5c374e06866115e906af352d6f8c6cd506a3100f4194d0
page,tmp/pdfs/o002-final-current/page-007.png,156638,024e8b615f986c0e0074b1e400982813e7fcbf75a39e54fed3797ab7a8707b64
page,tmp/pdfs/o002-final-current/page-008.png,121997,a785a3cbd255ce9518131116dc60c6f1f9dd7a9b1dc86ba2cdf3a319058126de
page,tmp/pdfs/o002-final-current/page-009.png,176089,7b1fa335d8fd9c16c283ca5c2ef3814bafea567cf6373eb5243b00a6de9cd67b
page,tmp/pdfs/o002-final-current/page-010.png,209438,bf0ecfc3b0cb8274153489f46f3e39733fde3e82cd61e877b62ad28ff2e39279
page,tmp/pdfs/o002-final-current/page-011.png,180421,0ebe4151d223be2d4acc1d0b98a4edff02925c62993a3184af15f4f70ac7e642
page,tmp/pdfs/o002-final-current/page-012.png,152533,e184be46a62ee32fc076f5ceaec017a8b0e78243050d41e1897a48a713983e1a
page,tmp/pdfs/o002-final-current/page-013.png,139980,044df8e1f69e0c3dcb33cb0b011dd3e5bc86489c42190a2f8b8b668865c19fc2
page,tmp/pdfs/o002-final-current/page-014.png,125278,1bce55edde8b78f2aa1af1f7a30daa8ee8d28826bae7f3172526c540a7185822
page,tmp/pdfs/o002-final-current/page-015.png,123602,a0a843100f2322afc574d087e13b13cc2c4e9b2aa64e710a2642c516dc0b92d6
page,tmp/pdfs/o002-final-current/page-016.png,126475,6146960e5660c51cdd67346973075b547417250a9e4bf7bcc2a1dc8d97c34f13
page,tmp/pdfs/o002-final-current/page-017.png,205523,39e29a8b392f0ebd161ac7a9467b193578b0eafddd6d80d638375f99113ad30a
page,tmp/pdfs/o002-final-current/page-018.png,175357,256b72aa6cf5b5adb21a5340857d7d647a524c2cf32da59c2a1deb176341ef6b
page,tmp/pdfs/o002-final-current/page-019.png,112729,9479ffc2a7ab4ac101b47109e60367a325dab19b7b0883cd6b67922b8a7b67a1
page,tmp/pdfs/o002-final-current/page-020.png,115843,d728e171a304e9ce8af65b2dcb27c7bb0022969b3a90fea0820fed912b89fa35
page,tmp/pdfs/o002-final-current/page-021.png,108984,d5665bc402049028b5b83267e7d3caca6c8f83737ec7d30b85807c38b728f357
page,tmp/pdfs/o002-final-current/page-022.png,148918,51b48508795c59742eb265b84b10cf7ad8fc6c028ed9a71a6ab4dd11f79f88de
page,tmp/pdfs/o002-final-current/page-023.png,188663,9d5abf123e46f53e3d4ac05f0e7be820266f2d876b43dfc60a7440b35d9fd6e5
page,tmp/pdfs/o002-final-current/page-024.png,117234,85086a137a6e4f65183b6fe25b847752d0bee7946c0093aa88e04443141b9c53
page,tmp/pdfs/o002-final-current/page-025.png,80894,c5e553611b499cf066dcb9ef5f7f1101e34992305aad2f05c06a8666f8785fcd
page,tmp/pdfs/o002-final-current/page-026.png,140296,7c62d02ba1749ccdce08ee4e5b6a39f222d5cae8e67a6fe8ec30132d1e2baab2
page,tmp/pdfs/o002-final-current/page-027.png,128257,f7d6f18d4a5ec27854c91e8af5b40004f89d26e300da0c47fa3bb3961cd523aa
page,tmp/pdfs/o002-final-current/page-028.png,141278,b04c0a524a98135f23e3731bb0c0ed9072a2e305c6445d7d9f33d722f34a0636
page,tmp/pdfs/o002-final-current/page-029.png,119806,bcce772a422348622871093433e1879f703c198887b9827d2c9f564e7138b0c5
page,tmp/pdfs/o002-final-current/page-030.png,138327,972153b62cb32caf17ba20a9795ae67101c1c0957c1894eb1a1219fa5dcdfae6
page,tmp/pdfs/o002-final-current/page-031.png,154323,b9ee4890267d53d237272d6cc01c34cea674c2bb95c21261af33518a90225469
page,tmp/pdfs/o002-final-current/page-032.png,128409,ab16e0bde2b490b6ba90329dbdcadf7dce20fbedb4beb37e3dd62557909c9e98
page,tmp/pdfs/o002-final-current/page-033.png,146072,7f2f3486f53ea12e5f503c5702e58c28cdca913a03bc6a5eee65cfcf40ab32de
page,tmp/pdfs/o002-final-current/page-034.png,131228,c093bfff30b15ba1a2a3d5800549e9616b7db1bbed858b083bc35cd3cbf6a615
page,tmp/pdfs/o002-final-current/page-035.png,128810,1287411ea29e2bfcc147ff29398f804604b5c56953d45f018ad9d8eb2f824aed
page,tmp/pdfs/o002-final-current/page-036.png,139415,8157ebdd83ec6aa98ac0d27d21687129e5e9c6105c5e83d9b265659cc75a0708
page,tmp/pdfs/o002-final-current/page-037.png,163396,5815a4b40dae85c641760a24d926a388e4ccd0b1038d4f4884a2559dd6aceded
page,tmp/pdfs/o002-final-current/page-038.png,130886,9af614719ba5bbcd7d2a0c9b20980de16103574f50a1aa9d6b4b5d360036c78e
page,tmp/pdfs/o002-final-current/page-039.png,131215,c5a21996bd847f76a432890719a1eb5fc9479a532e04fb6b4b9e880adbf2ce35
page,tmp/pdfs/o002-final-current/page-040.png,108087,c14cba1379d8eb09032d2d028d3f6513ec9a9f0e42a32055f7790d20629ddcf6
page,tmp/pdfs/o002-final-current/page-041.png,129926,455cb7732984e0df8d0487cee684afc73794a9c8b8e3f0d85a8f7e582b00cee2
page,tmp/pdfs/o002-final-current/page-042.png,120865,04b2a8ccbb190ed123dcb934199a78f02376e3f4eda9448023814ce187d68c53
page,tmp/pdfs/o002-final-current/page-043.png,143655,8882955cc1a4631b17e8487f3e5ced062cf4a1eddb1822b323480c657d7e9887
page,tmp/pdfs/o002-final-current/page-044.png,195591,5f7b48f80e7836c5bdba9f87608c1e6f895c9313d136307a328862db85e7e65e
page,tmp/pdfs/o002-final-current/page-045.png,17955,8055c5328b9b3c83743879b6673f7037d1a1815140db8dadebd0979c0523f394
page,tmp/pdfs/o002-final-current/page-046.png,156699,2c5b3329c46244ec6a76dd022614c7693230a02e912157402576f2e242b66250
page,tmp/pdfs/o002-final-current/page-047.png,100017,3601e6eef7c8c9cfbbd958d94bef732a09f1030d17f9bca8d011c8ae8800431f
page,tmp/pdfs/o002-final-current/page-048.png,149856,129e3e35ac169c485ed0a469dbd089bd520ffd24afb2fa3cedf5036a15ad41a5
page,tmp/pdfs/o002-final-current/page-049.png,153790,76e4caa7e5aa922a0c6afd32c964bbb46075f601018d12c784565d16efae7092
page,tmp/pdfs/o002-final-current/page-050.png,145919,243eed16e0d19c089ccf236509c131c8e7418fce752cdc73158c294bf1bf9bac
page,tmp/pdfs/o002-final-current/page-051.png,143254,89147113f81e1600975b7a9728549beaddc495065e842f631b76dd38a70a725f
page,tmp/pdfs/o002-final-current/page-052.png,141133,dc492f95f041900395f52a993ee6bece22bc96b3a6f57ba6e1f842ccc87ecaeb
page,tmp/pdfs/o002-final-current/page-053.png,129962,a750ea3e88282dc33c2f01e259216ef25f47d5e497f5d3256c0a69e3b5e02256
page,tmp/pdfs/o002-final-current/page-054.png,135921,23f498925472848194d869756a4dd9c742020c31b473b82529fdb8c68b2b6813
page,tmp/pdfs/o002-final-current/page-055.png,138541,0e0a65ac9df33c33ca3da250a604ec81cdac49ea64bd67a62dced0fe5aa16218
page,tmp/pdfs/o002-final-current/page-056.png,128766,6d5a600309d5033ad52cb705cd1fdcffa9c0c870c4314d37eb6f97a1c9237899
page,tmp/pdfs/o002-final-current/page-057.png,135740,526f78950c2fc1fa92afd79eaabcfe21818499bdc7809666e7f6874a5f288909
page,tmp/pdfs/o002-final-current/page-058.png,61159,26fcd41e602e7e8459a283c58abd177c15474ae5c470d932e40f63735506862b
page,tmp/pdfs/o002-final-current/page-059.png,137142,a8bd9839eeabf242a56aa4ec79b8595cd6043a2fbf4891c2a9eee48fe0e67ea2
page,tmp/pdfs/o002-final-current/page-060.png,166788,4d6cf7afac7b1f71f92348812662d1625cb171e71df77d3706dac4351de96ba1
page,tmp/pdfs/o002-final-current/page-061.png,110723,ddc8198d9c5fcc790518c39a273fee5c4d1297b1a5ffdbd5e295b8b1851e483c
page,tmp/pdfs/o002-final-current/page-062.png,123649,a7a06db6f7efd2374869a2c6dd3f2b36537206071c714cb352c9f6d17af79226
page,tmp/pdfs/o002-final-current/page-063.png,165439,78de2cf61732bb857c60f37bf643a562c84bd0a5afde135ba697fd1dc4db5925
page,tmp/pdfs/o002-final-current/page-064.png,133423,fedf9bd7e26dd8196dbe016a7905a1be447e01b5aa58d47819d1c50918de5ff3
page,tmp/pdfs/o002-final-current/page-065.png,129666,42ac4ce57eeb757d5780e934e164a5a2043a81d944ddf02c84c53fccb7b5d503
page,tmp/pdfs/o002-final-current/page-066.png,138292,01a799185948203bbfe38fa2b1ff06dfa82ef3c18fbe0902d46893fb33a56cfc
page,tmp/pdfs/o002-final-current/page-067.png,144983,1edace50fba4a6b3808da5bdcf55cf759bd300510b03c41255b24c288e6de44d
page,tmp/pdfs/o002-final-current/page-068.png,155772,df0ad06e1cea1c5a0b20e4552680bdecf2403b2f9706b11329a19555911cd848
page,tmp/pdfs/o002-final-current/page-069.png,155099,e561fef75a05058678a6da15515fe28cda7cf96619b7fd96bf260af31a4007bb
page,tmp/pdfs/o002-final-current/page-070.png,108912,37288f006963b2e6542055154fa5fa32db5ead28823bc76c7134ac3871e890e5
page,tmp/pdfs/o002-final-current/page-071.png,70784,ff726c61eab700fee0f9715b21a74a3a8f7d98876a15d7733c61ebec3d306cb5
page,tmp/pdfs/o002-final-current/page-072.png,134636,486649ab2e775cd3acf9a14efe4c891e2d374e6cb7887150b6fd0b249ca628b2
page,tmp/pdfs/o002-final-current/page-073.png,161105,23e082a33f69a4d1c4741230abfeadf6cd8e75b4083282a944beb31be1a789fe
page,tmp/pdfs/o002-final-current/page-074.png,167288,bf9f207be30a6b73ebafdddbfcf6725c6ac29b97b803bc1df68702c99000231b
page,tmp/pdfs/o002-final-current/page-075.png,174065,7370bb6789cf700f039c715c8b642a83ccc5ad238d4d709894c97f7e9ae5d00a
page,tmp/pdfs/o002-final-current/page-076.png,143453,d77a3d85dcb74e0c39a0a43587f3cdb2009a5ae8a4f1c47e3836fec4a4f803a5
page,tmp/pdfs/o002-final-current/page-077.png,138418,2f2123e1f30d42802b7ad2a271237ba127c93bdb56d99326463d0ac62345ce68
page,tmp/pdfs/o002-final-current/page-078.png,122762,5c9760c68c8a6963a054a380daa986bf8d870276fa2a937ebd6c9f671df9882d
page,tmp/pdfs/o002-final-current/page-079.png,116968,81548e96102bd9817a4f88f99b2b07c55c733891c7d1982fe1e52f4940585e4c
page,tmp/pdfs/o002-final-current/page-080.png,188504,d9cb7a3f4e28bc03f2015ea3a7b745ee80f86d6bfa9f40ee0c5df63459ba3438
page,tmp/pdfs/o002-final-current/page-081.png,35387,f7736de201515c9e81c761b7544469bb91e6a73e16331de2d3ee2fb53e7c9a43
page,tmp/pdfs/o002-final-current/page-082.png,138747,40d522e3697b3d6b5c672f84e5c7607c1278117413a21478173c07df4c7b6765
page,tmp/pdfs/o002-final-current/page-083.png,138052,cc9394929f3f31782ea6425571ece7ba5358459adb6beccf0db9e1734b9794a1
page,tmp/pdfs/o002-final-current/page-084.png,125299,ff1781e4bb54fde77306ab6bb88967bfce53bade5526225622f13a26f93261d2
page,tmp/pdfs/o002-final-current/page-085.png,136096,c44dbf9f2616e115da2853a9f879a98298e012a0cf36693067ad3f290d188968
page,tmp/pdfs/o002-final-current/page-086.png,209483,7b5efc357565dd8dd1b3072857d3c07953da2580d925daf1cb2fe91681dc15b9
page,tmp/pdfs/o002-final-current/page-087.png,157957,59a57c6f4fb549ab4a4198cf9e1900f0c5ab5c1645c09a45307108f17c41453b
page,tmp/pdfs/o002-final-current/page-088.png,151377,6c17690a2f128038ca900c1c68d66a564df8008619baeedbc30f2ba601969cff
page,tmp/pdfs/o002-final-current/page-089.png,170037,71481b79c353ee6a7fbff7ee425e37fda4b67716b8d349d8b67157b61f439d0f
page,tmp/pdfs/o002-final-current/page-090.png,134616,629dce291f1d0a30c325ff025b841007062117e84aa77e9271bcdc861a344050
page,tmp/pdfs/o002-final-current/page-091.png,132622,cb01c21f0378aeced966d7b914e1af7d491c4da8c16f14e5156189fb01e9da14
page,tmp/pdfs/o002-final-current/page-092.png,160044,4ba9f5531043f358287f3d0a5802952d356e64e9f9c1c5589e86e61c93caa5d5
page,tmp/pdfs/o002-final-current/page-093.png,152540,4a706e2b1de42db5387feb44aad13dc393bd1a9df275240895cf288cfe03f9b7
page,tmp/pdfs/o002-final-current/page-094.png,70893,b56a3faa547248df9b97b93af57d08d544ef4fc2e0ebac1dd814052706d77a4b
page,tmp/pdfs/o002-final-current/page-095.png,171628,59372d3905fb835e4166b762d9a68d6110e33018314af5e996bd0ab5e7be3944
page,tmp/pdfs/o002-final-current/page-096.png,65186,4c9c3270c52ec9d075c4d5423165587a46e91439f00d677acc876c05458f9b23
page,tmp/pdfs/o002-final-current/page-097.png,151065,35d3448a381e210705ad2f2f8cf6c55c9817af8f669a488a9c63ad8ab53b2bba
page,tmp/pdfs/o002-final-current/page-098.png,133447,380f06b3779de180f4ab000ee13430f74436f39d85c77293840c9d7f17547867
page,tmp/pdfs/o002-final-current/page-099.png,135497,a7741c0740face070b212f8e7c07e15942173fa57032799229db99306ed3a8bc
page,tmp/pdfs/o002-final-current/page-100.png,178837,2338ee180898b6b175bf0f290907aba8609e2b4163daebe98c860db96a6f0c86
page,tmp/pdfs/o002-final-current/page-101.png,129549,5fa7a257cdf2f8314f6b704278614757d1fe4527e393d6398c5ae2579bdda5fb
page,tmp/pdfs/o002-final-current/page-102.png,161559,c9e9881dfe1f92cb9a2ee170110dbb47b5ac8be292a299c6af637e5496942412
page,tmp/pdfs/o002-final-current/page-103.png,144829,63ba140bcfe37bd0978619450eefd02ce7525383ba7482a8475c62623b6cdd9b
page,tmp/pdfs/o002-final-current/page-104.png,144683,1d9dc94d14c7e2473ffe0dc801c9e314f9f5aa5727d9f008b6518eadd23df738
page,tmp/pdfs/o002-final-current/page-105.png,180032,fe90dff52e823cef51c06717cad48e5b57d61b5d3e12413235e70ce048522265
page,tmp/pdfs/o002-final-current/page-106.png,138597,cb6c3a9ec76755e0c1cb1c3a4af3c4f1f59175c08179d2cbb78ede1363d0db4c
page,tmp/pdfs/o002-final-current/page-107.png,180852,b700244e2887a581811ad36f5f318974e167d86207b7edfb21daea5047181c1b
page,tmp/pdfs/o002-final-current/page-108.png,73204,1d4f1c8549394e1ff74906a9096683dfb145b0522a8e9cf8df7d230826c4257b
page,tmp/pdfs/o002-final-current/page-109.png,10580,92af6ce0222acc60c5b4c1d9249e0eb58a7c17102359d90517cd188f1a85b778
page,tmp/pdfs/o002-final-current/page-110.png,205451,34c3fa9547399a4435dee55b2072001e51760146a9517a3b568b3deddb3bd165
page,tmp/pdfs/o002-final-current/page-111.png,161523,78a839a6a06ebea1e712f0c2b16fa588990aaf8f44b0d8988255617b403d9ea5
page,tmp/pdfs/o002-final-current/page-112.png,163298,d16478de8d86ed0c090d11cae4cf2b232a428ec4b6d30bccdc0f4cdc535125e9
page,tmp/pdfs/o002-final-current/page-113.png,158523,b841df820062d861d68328b58db7f3671f3b149975bc92d5e1868b82a9f8ade4
page,tmp/pdfs/o002-final-current/page-114.png,185067,2aa5ed92ea9d927de0dbf2fae4fb0b6e2f31c0336aadc79a0c5b076a96b30e39
page,tmp/pdfs/o002-final-current/page-115.png,177110,56bc7e66ad3726f81ad17bd7c8dc770c00f0655860643cf058f2287d5262557d
page,tmp/pdfs/o002-final-current/page-116.png,180712,9d1375580acc0d0a19db463cc2ee71f6e6da80fc1283e7f6c4235f9beaaab91a
page,tmp/pdfs/o002-final-current/page-117.png,149587,19291073ec2c7d73ab739f0ebea02d8f985d7b10804d9f6347f8c038f27c1c3f
page,tmp/pdfs/o002-final-current/page-118.png,156747,a7754f69eceaeb7630d255224105fc53e9520c02179656c6ddf570db05ab337c
page,tmp/pdfs/o002-final-current/page-119.png,185498,55a2cf3cf166d27fe11c9e9d5cab2bfc648d4fd3eaec201f2295be053c490bae
page,tmp/pdfs/o002-final-current/page-120.png,159702,58b9ea7d02afcc94cf36f7b7cceaacc1ee6a1edb9f5c34e211fa4444697858c4
page,tmp/pdfs/o002-final-current/page-121.png,114833,5a32599d3db8331b011afa56455c46fafae1dec83b7905905f0cbf5f332bf438
page,tmp/pdfs/o002-final-current/page-122.png,145432,114d6aea86f826794baef1c97e71bfc9d23113ed640b9f0aafdc4cff2e266421
page,tmp/pdfs/o002-final-current/page-123.png,104145,b128ee24ac450934d66419e1909a0ac1c0454c9956e92a5d2a67eeee23a62c43
page,tmp/pdfs/o002-final-current/page-124.png,135591,ad1e516fe2b42b8bd414fa6487f44abbb59b0cac6641129aec529e02606ff428
page,tmp/pdfs/o002-final-current/page-125.png,190713,72be6aceea1f4402b2810db05a2e6f592a6861772df750dc38053f10969e9e13
page,tmp/pdfs/o002-final-current/page-126.png,155900,f6624209988210161a67724ea3b17b6c2b6722ada02e78ca8e06ce5ab202585e
page,tmp/pdfs/o002-final-current/page-127.png,150034,41d83ac3468b0a533e68f804af609068b2c0dfeb61674266b1aa7fbcbbd61499
page,tmp/pdfs/o002-final-current/page-128.png,125506,8e226be2323d325dc56b7e890d7c7234f076d07a2f83d5457e35321a0acbeacb
page,tmp/pdfs/o002-final-current/page-129.png,137063,bb283bce1948e1f9802453a6244cdfd7d32ff98d2c61ff941a9b5fbc58dfe317
page,tmp/pdfs/o002-final-current/page-130.png,156832,2396df3fac7de5fd34a4532b8a1d9f59be6a12ae2a38fbcead9affebcf113520
page,tmp/pdfs/o002-final-current/page-131.png,192941,1623515875c45e71c9585b539444ff5614c7b8f2b9ede84c3f42c44ecdaa175a
page,tmp/pdfs/o002-final-current/page-132.png,194232,66aaa9da281e8ab10a30ff9804648d5f340dae71cc0e096cd000d7d327cb91b5
page,tmp/pdfs/o002-final-current/page-133.png,166879,43d874f108ce21b65567a95c2d4c225ec6e56eb10225812232c3d274ead7a017
page,tmp/pdfs/o002-final-current/page-134.png,164356,09302a7f16e408077d5d695b0a897585f710b06e8f026346473e1c8236905a03
page,tmp/pdfs/o002-final-current/page-135.png,155833,b9bc93904e2b43c882e772474a96a75c309d0259d56a6a4a333ebd9b6f89be06
page,tmp/pdfs/o002-final-current/page-136.png,151189,1e0e9cc359e430b8a45349439f8d1a76069961d069ab3f9ad59fd28f21abaebd
page,tmp/pdfs/o002-final-current/page-137.png,116902,1720a614e4e7a52caa5f3ea640732cfa0b69aeb9ed4b87a099cc4b0a1096c03a
page,tmp/pdfs/o002-final-current/page-138.png,134391,918b57b822d63b7c497db96097b2c45e6b1e9435e52b9d72ea3bdf5a68cfd229
page,tmp/pdfs/o002-final-current/page-139.png,185155,343f050504c1e0186f9e66914888485eeb233c22d05f613e100ccf3a8d3fe588
page,tmp/pdfs/o002-final-current/page-140.png,162757,f3ca7a117c22701d313997bd428e4eb05de31df04d40554f0aba71c88c8beeed
page,tmp/pdfs/o002-final-current/page-141.png,132282,add5beb9a28cffbce11d8490c191801d9c79c803981dc884d12a70fb6af90250
page,tmp/pdfs/o002-final-current/page-142.png,134937,c12378cf75c6b52cddc11e957946145f426e1b9ec53c7245ab67a483db926411
page,tmp/pdfs/o002-final-current/page-143.png,85587,a3d25562ab6d8698a8ee92236716ebc99bde374ee337b6e68aeb366a4489493a
page,tmp/pdfs/o002-final-current/page-144.png,170703,62b6caa28b0b348deb13eac3602adb63732e001789bf0bf18abf1bfa412ccf85
page,tmp/pdfs/o002-final-current/page-145.png,168923,cc394714a9ff1df63f28b739044d5676d739e1b9357270e8ed1e8c607207fd43
page,tmp/pdfs/o002-final-current/page-146.png,186108,6779ba7096e0cf07eeb16953ebb3e0ea3699ab8edd352970253b8807cf4f0bb3
page,tmp/pdfs/o002-final-current/page-147.png,163091,d07a82071e05433fbf1763810f2439a9c98e41a6adc9b49a7ff79c9e97f1dbaa
page,tmp/pdfs/o002-final-current/page-148.png,173989,dec16cecb78d47194fac10fe139fd254e2a73b2efaf1bae363170a36e46777bb
page,tmp/pdfs/o002-final-current/page-149.png,123120,040c51f8903eff6ad298667b04b85a2ff4734b04b8e77836debd2b43e7fcce7b
page,tmp/pdfs/o002-final-current/page-150.png,117854,ebe964261dec20ddaa8fd77596e8c662cfa93fcfec21331672869b67c45aca98
page,tmp/pdfs/o002-final-current/page-151.png,164555,a47be56c4b0a59876fa47ba3128c8ddb340146d0bad4d020673a236092bf8b93
page,tmp/pdfs/o002-final-current/page-152.png,154528,36879abdd605f72015ffd0b4a4410d669d4866b9c5ef03dd91fbed47ded1db96
page,tmp/pdfs/o002-final-current/page-153.png,82033,a2f59d21a5ae45e8280c953a5fc8d1e0c9c4f74235ea63d642878fc8e27de800
page,tmp/pdfs/o002-final-current/page-154.png,144319,84545865a84e23efe8a3f0342b17e7f31eec14bd9eab47cc62b8803da3bf41c9
page,tmp/pdfs/o002-final-current/page-155.png,159449,e6758326ea4b0cebbd2c215b425690df1626aba270d2107a11fa836d633d7d42
page,tmp/pdfs/o002-final-current/page-156.png,178536,0e0a2a08e3ae42376d38fba6e35477a925e3430075986f4e4f2932f2a1b51979
page,tmp/pdfs/o002-final-current/page-157.png,155703,bf0a229edc96f5291834e3d30df95cf251834ca4e0f9f80eb57052ce6d6428bb
page,tmp/pdfs/o002-final-current/page-158.png,139664,16b4b97d2bc0b225487155dcf539e9bac91d40cd0dbb8bbd123396f714e075d9
page,tmp/pdfs/o002-final-current/page-159.png,149776,e6b35cce5e32b3b1b8982a6acf1ffa92b699ae69aed194a9c72926a169e7eecb
contact_sheet,tmp/pdfs/o002-final-current/contact-sheets/sheet-01.png,598210,b8264440b2e964bfd2c32c8ce6c59273553418af49be26a5c1863a860bb0da02
contact_sheet,tmp/pdfs/o002-final-current/contact-sheets/sheet-02.png,615443,51a47897ce034b8373eebe7663260425b54e2b8de0a25a6bf28d4a09295cb22d
contact_sheet,tmp/pdfs/o002-final-current/contact-sheets/sheet-03.png,577991,5e520b93b408314542f14f3cb0405645f2727c9ecda5c39bf35f56d3c0c993f5
contact_sheet,tmp/pdfs/o002-final-current/contact-sheets/sheet-04.png,590229,0b3e1cb070fb1ed1643426c218b66e9d4d7f6d920c2d3618d66a7aa570f3e24b
contact_sheet,tmp/pdfs/o002-final-current/contact-sheets/sheet-05.png,607462,733de4b2efc4327fc5d9889e4075f5052d3d96f9ee97bde449dbf69f0e1f80e0
contact_sheet,tmp/pdfs/o002-final-current/contact-sheets/sheet-06.png,591493,b7785fafc038613b2e33af4bd5b044121eb855bf3d10f84f247c683705bee843
contact_sheet,tmp/pdfs/o002-final-current/contact-sheets/sheet-07.png,625027,e62ec1306048eed90d89beb89ab20142cfd7daf99b2d14331b420cc32a8e5c4f
contact_sheet,tmp/pdfs/o002-final-current/contact-sheets/sheet-08.png,658409,cd006d0a5033b4ba47f2415fbb1a6e36c2bcd35391d5cc65b07a8678e51d97cd
contact_sheet,tmp/pdfs/o002-final-current/contact-sheets/sheet-09.png,648625,78dd77e971394cfdb1f94b5a46d5fcc69c7e39046f0e1dfb8c2e262792cbe398
contact_sheet,tmp/pdfs/o002-final-current/contact-sheets/sheet-10.png,618947,e0ea9527363b8094b0da2bc1188b46371bad6f16f2ea82bcb44c8c0cee89c7e8
