path,bytes,sha256
00_control/COVERAGE_AND_OVERLAP.csv,1650,1bb1b328ebae618dd244dc620262162507abf3adb4fa35860e3d1e44d97b60a6
00_control/PDF_VISUAL_QA.json,751,a51fb79f7fdd0f5e6a42eee4b70fd72778ddd6fa0259a361ebd2afe31e530bca
00_control/PDF_VISUAL_RENDER_MANIFEST.csv,12160,9a66e23f5dbdd4d886ed88b4431f5f947023aef4b8ff2aaf289ffdf77b742bd6
00_control/SOURCE_SELECTION.md,6851,273c9548d4e40df3ff0a5869b7f46e0073e3f176a4358f49f70d412b78967950
_quarto.yml,1631,d976b16cb44be7a2d78d839eaf7e3ecbdf7c7a17968c5c9534c5c11d9e21847e
backend/catalog.json,20695,7d8eb9a3f9fc398e5abea77e517046f5feb37eb3e1197048555d3b9646aa21bf
backend/catalog.schema.json,4328,dd1ad8de94b92e0523e9fe644349bb4082f65713b3ecdc049fd2bfb4555e5273
build-support/jupyter/kernels/o002-frozen/kernel.json,217,22dd449c058e89bba9c4c368632b028870d7b5effec300374b1555b3914ae654
index.qmd,2483,c6dddfa1058e41869f8d061556fe82e7bb2270a44ee9563e6b037bdefc0777f3
LICENSE-CODE.md,1083,7a3860578c00e71c20019ef26ab76e28be25393a194a28f6c0a4edef59074b57
LICENSE-RUNTIME-APACHE-2.0.txt,10142,bea1b4266f1499fa4bbb16d6e7577e6b5b53d1ef010835a9d460876022cc8722
LICENSE-TEXT.md,624,afa51324d3c7c936969b2721bbe1b7103ab3db62d38069b5742fd35f675d50a0
README.md,1295,fc9ce3224ebab3cb0024fbdc0e7908080656171ba52232485953bbcbac843c01
requirements-build.txt,175,6c6197515925451a5fb4621c2cb6d8a6dbfc90c1f457eb0127f710715c166ae8
RUNTIME-LICENSES.md,3425,980c602f8f427ba13547259edcc8d2dccb607be8ce87aa7ceb72fd3f1ef88f30
scripts/build.ps1,9900,9f00da3f79e19aa84ff3c4dba5319c175a718f85d36ed8c19d98e1fecd29a167
scripts/make_manifests.py,2943,4b1f0ba6d940a6365ac60c6da9eb05d669f3e035aa3560f1fe93f778687a049e
scripts/pdf_visual_receipt.py,7871,d852148c4ba9783c36dbe8503a9e036a9e774058e7168f88e06025e451e6e455
scripts/qa.py,12425,96b88f3ae629242e029fb5da04737bde3e4fbc3c4f0a4c446cc6a781a0b935c6
scripts/run_tests.py,1640,330e2d277d3083efb6feee7b6fb6292814efac339d4cf38a76734aaa38af9515
scripts/source_qa.py,14010,734cdb36ecacb01d7690113e7b4a53a61788e740f661dfc500afc7eca251d4c4
scripts/toolchain_receipt.py,1879,5b821e073d20995795fef429bf75af6d77a8deaf65ea224785065573d9010371
scripts/update_backend.py,7575,89213170f92e1f41cd27f71d9f45c84b30743ff8f756ac64f40fca53a919a14e
source/code/unit01_experiment.py,3311,b8556f4c92cc04b85bea7813a6f1fde2896be36886d0189ce0316521fac4ca36
source/code/unit02_objects.py,2033,19d6322921d3851e0e23361bf89064f5c87721442b6302444b6f39e681dc43a2
source/code/unit03_arrays.py,5830,3d18533c916aec86dac54f74b4882d33fb68d1b8df01efb0a0f1d9ac9775fc18
source/code/unit04_visualization.py,9012,fcce2ce6099490b821bf19a3cc508b5db66c7c3afc1557301ae32fd4d4584a1b
source/code/unit05_symbolic.py,6556,09abc6fa52a60f1fbb15f879062b41d679a3e90f80c525fda3d2a76c7688118d
source/code/unit06_floating.py,10135,aca3445fbc77dcdff920987cce6d73f2a43a9a326d43b0e5815dce7f0bd38eda
source/code/unit07_experiment_design.py,12663,717a85e31d4cdb08b6adaa3b2e1b2ad466ef25b880293478cb48a199b0371ad0
source/code/unit08_validation.py,7923,1998189fcd03d58a1d44d58657eab335b40757d4c8a968059745be89c82197f4
source/code/unit09_provenance.py,16458,5b26d8ed8fd42c7d088d45e5c638ba7d8b15270c59a43b3de47038b9bf3b55fa
source/code/unit10_pipeline.py,7436,e3add61e2aba6c664b096f820c9d033832323230ef4702ba8750bf6a78ff2ab2
source/code/unit11_numerical.py,9212,187800ffc9d204e81ae22d5fd2491e4ee8e0b2a54550639348ea00c788fbf37a
source/code/unit12_capstone.py,11724,ab200353d68a0ca382a42555437128f69c60c86569da96d606ee8563b2f564e9
source/data/unit12-demo/environment/python.txt,38,fc01e3cd24ece4194a504abe98dac5fbafb04ed3d16b8846abf86e9d404d84ca
source/data/unit12-demo/inputs/value.txt,3,084c799cd551dd1d8d5c5f9a5d593b2e931f5e36122ee5c793c1d08a19839cc0
source/data/unit12-demo/LICENSES/README.md,104,353007f50957aaf411a048e50d841826e42b0f13969d8d6d52d98c8822a8ed60
source/data/unit12-demo/outputs/result.txt,3,084c799cd551dd1d8d5c5f9a5d593b2e931f5e36122ee5c793c1d08a19839cc0
source/data/unit12-demo/README.md,149,01797accd5d1e159562b899c6511b5f0e22271f1bcb056c3021226c4c37d8fe2
source/data/unit12-demo/RUN_MANIFEST.json,1940,4050499b79bdca90af96a53bd64741bae4c97bc9bdb00cc2988aa7eb58d1c331
source/data/unit12-demo/source/run.py,284,99f820dba0a6c54eaa346f14490a93fd6c4389bb3ce159bdb224e4cdebbb69a7
source/data/unit12-demo/tests/test_run.py,333,a94a1c9a800846fc173e8dffcce9d7a5596d9fac4c8cdabb277854a7efb6780f
source/units/01-komputasi-bukti.qmd,9025,351e0e4252df113192d9999af467a6c7e8d27e96f6c532419db4f27310381b6e
source/units/02-objek-fungsi.qmd,9038,0a3fcc84e2b1c430685b6b88ae39e071e3db32cb0de19c6e066b52193c0b99f5
source/units/03-array-vektorisasi.qmd,11311,cd6ee1f6d826f141dc7fb5008c300adfd068815d87617236b526be537668b2f3
source/units/04-visualisasi-integritas.qmd,11944,fd891ac8ef1609d81bd01d5cafe1d644a6dff3834c1963e2c4285035d6877fdc
source/units/05-eksak-simbolik-sage.qmd,11659,2802d30701a298ecd1c8b5ec6bcdd087e12e76dc88a3e6370e4fcc6881fae6ff
source/units/06-titik-mengambang-stabilitas.qmd,14632,321a85049ae8290e0184300c883b0ac2dec728feac2ea2b10fcf9abc10e62a95
source/units/07-rancangan-eksperimen.qmd,14625,2ae8fb3a3224c8a53f3dc43c90fa78696a02637a058c52c76879d2a4b599cdf9
source/units/08-pengujian-validasi.qmd,13716,1b77c2c5c5e728314bff37eb1baee51fb21e0fc052426df7e6b1db3191a3b905
source/units/09-data-konfigurasi-provenans.qmd,15119,a715952b568f5943062f24629509210597c64a95c61acdd9801180fd9676bff9
source/units/10-otomasi-pipa.qmd,8854,5966c3c19b7ddcf34d8451a34cfe59b78f73681688b82f1dfa976d3530278acb
source/units/11-eksperimen-numerik.qmd,8166,74b62fce51217500aef31104ab23f83ef3eeb7d4fce35736c43cd53250ea5a81
source/units/12-proyek-akhir.qmd,9910,545157aedcb00cac424aa8b0ef1d0c3bc4c490e5b99bb9ded1f514bb87b51537
styles.css,380,cadd4dee138cee52d118807db84a1f1c27b71b63a97495a19cc274561095d9a1
tests/test_source_qa.py,8594,a78a5501443f0344feb095f9b5e2294f2297a35734faf677ba6c9d66dedbb4ec
tests/test_unit01.py,2545,27c2341ac4021ea825d474e55cb4570585e98744cb05c1610ac5c180b8af0b10
tests/test_unit02.py,2002,f57643597a271f285f7bb14ccef93632a662422f21423b59e2831c4d68764f11
tests/test_unit03.py,3524,c0bf818c785e5acb810830d4f09097a0d87b4169cc67c55a1b7c4f67cc0f9eef
tests/test_unit04.py,4540,76403f753229f276b6b5761c637dd5ef86bc7f6ee523219d873a93b011ee9cf4
tests/test_unit05.py,3288,7c0b261d5dcfbda6715f665f5f6f2017be7825baad20fa295ee1e7714a2161cc
tests/test_unit06.py,3996,a985d803271b1b5434110f93a2617dce88eac2fa4d5fb1b75eef92d541b0166f
tests/test_unit07.py,6330,9892e8e80a862d07899eadad604b4593526403e8178b6df71fe081ccb5783476
tests/test_unit08.py,3999,196eadcc1e663010a1df28c1d217891763c79f0131eebb5af63b324ff906a733
tests/test_unit09.py,8718,46323018df23986c0d43f0a00ddf24690f15a2cdd7698545ad65d8147bdf8cde
tests/test_unit10.py,8491,aa38cfcd3b3b235c6f5a7d30beaf1c37437af850dd4375852fbe7ef00c317825
tests/test_unit11.py,4807,c38aaec1837c1d7709a49f1aa6046c48f3500f6aa72aa73c7b94ae7c99c10a4d
tests/test_unit12.py,10827,aa4d49db5105d14a7573f6c40c02c2c1ba39c74d324d7310f352a9af01e8d982
THIRD_PARTY.md,1598,5fb147c587a21dc7555f0956b456ca4450b85579e87fdf535818878fa83a4fe4
